path	revision	parents	literal_table_operations
modules/gateway/alembic/versions/001_initial_schema.py	2d414a0df89d		bedrock_pool_accounts,budget_configs,budget_usage,departments,model_aliases,model_pricing,organizations,rate_limit_configs,service_accounts,teams,tokens,usage_logs,users
modules/gateway/alembic/versions/002_cognito_fields.py	3e525b1eg90e	2d414a0df89d	budget_limit,cognito_group_name,cognito_sub,cognito_username,created_at,description,name,role,updated_at
modules/gateway/alembic/versions/003_model_pricing_columns.py	003_model_pricing	3e525b1eg90e	model_pricing
modules/gateway/alembic/versions/004_user_identities_and_credentials.py	004_vault_schema	003_model_pricing	channel_tenant_map,user_credentials,user_identities
modules/gateway/alembic/versions/005_identity_columns.py	005_identity_columns	004_vault_schema	organizations
modules/gateway/alembic/versions/006_user_roles_table.py	006_user_roles	005_identity_columns	user_roles
modules/gateway/alembic/versions/007_scope_relaxation.py	007_scope_relaxation	006_user_roles	user_credentials
modules/gateway/alembic/versions/008_magic_link.py	008_magic_link	007_scope_relaxation	magic_link_nonces,security_audit_logs,users
modules/gateway/alembic/versions/009_provider_check_constraint.py	009_provider_check_constraint	008_magic_link	inspect-source
modules/gateway/alembic/versions/010_tenant_access_requests.py	010_tenant_access_requests	009_provider_check_constraint	tenant_access_requests
modules/gateway/alembic/versions/011_tenants_table.py	011_tenants_table	010_tenant_access_requests	tenants
modules/gateway/alembic/versions/012_unique_cognito_sub.py	012_unique_cognito_sub	011_tenants_table	inspect-source
modules/gateway/alembic/versions/013_channel_tenant_map_metadata.py	013_channel_tenant_map_metadata	012_unique_cognito_sub	channel_tenant_map
modules/gateway/alembic/versions/014_member_approval_policy.py	014_member_approval_policy	013_channel_tenant_map_metadata	organizations
modules/gateway/alembic/versions/015_bot_users.py	015_bot_users	014_member_approval_policy	users
modules/gateway/alembic/versions/016_action_provenance.py	016_action_provenance	015_bot_users	action_provenance
modules/gateway/alembic/versions/017_parent_invocation_id.py	017_parent_invocation_id	016_action_provenance	action_provenance
modules/gateway/alembic/versions/018_agent_run_cost_traceability.py	018_agent_run_cost_traceability	017_parent_invocation_id	usage_logs
modules/gateway/alembic/versions/019_knowledge_assets.py	019_knowledge_assets	018_agent_run_cost_traceability	inspect-source
modules/gateway/alembic/versions/020_org_github_ids.py	020_org_github_ids	019_knowledge_assets	organizations
modules/gateway/alembic/versions/021_tenant_memberships.py	021_tenant_memberships	020_org_github_ids	tenant_memberships
modules/gateway/alembic/versions/022_installed_by_user_id.py	022_installed_by_user_id	021_tenant_memberships	channel_tenant_map
modules/gateway/alembic/versions/023_org_parent_tenant_id.py	023_org_parent_tenant_id	022_installed_by_user_id	organizations
modules/gateway/alembic/versions/024_budget_usage_bigint_tokens.py	024_budget_usage_bigint_tokens	023_org_parent_tenant_id	budget_usage
modules/gateway/alembic/versions/025_org_created_via.py	025_org_created_via	024_budget_usage_bigint_tokens	organizations
modules/gateway/alembic/versions/026_channel_tenant_map_installation_id.py	026_ctm_installation_id	025_org_created_via	channel_tenant_map,installation_ownership_conflicts
modules/gateway/alembic/versions/027_installation_tenant_uniqueness.py	027_install_tenant_unique	026_ctm_installation_id	inspect-source
modules/gateway/alembic/versions/028_usage_cache_tokens.py	028_usage_cache_tokens	027_install_tenant_unique	usage_logs
modules/gateway/alembic/versions/029_orchestration_graph.py	029_orchestration_graph	028_usage_cache_tokens	orchestration_accepted_plans,orchestration_decisions,orchestration_edges,orchestration_flows,orchestration_nodes
modules/gateway/alembic/versions/030_budget_usage_cost_precision.py	030_budget_usage_cost_precision	029_orchestration_graph	budget_usage
modules/gateway/alembic/versions/031_usage_graph_address.py	031_usage_graph_address	030_budget_usage_cost_precision	usage_logs
modules/gateway/alembic/versions/032_budget_usage_org_entity_type.py	032_budget_usage_org_type	031_usage_graph_address	inspect-source
modules/gateway/alembic/versions/033_client_tool_capture.py	033_client_tool_capture	032_budget_usage_org_type	usage_logs
modules/gateway/alembic/versions/034_person_budget_configs.py	034_person_budget_configs	033_client_tool_capture	inspect-source
modules/gateway/alembic/versions/035_budget_usage_entity_key.py	035_budget_usage_entity_key	034_person_budget_configs	inspect-source
modules/gateway/alembic/versions/036_person_budget_defaults.py	036_person_budget_defaults	035_budget_usage_entity_key	inspect-source
modules/gateway/alembic/versions/037_bedrock_account_routing.py	037_bedrock_account_routing	036_person_budget_defaults	inspect-source
modules/gateway/alembic/versions/038_cli_auth_requests.py	038_cli_auth_requests	037_bedrock_account_routing	cli_auth_requests
modules/gateway/alembic/versions/039_flow_design_capture.py	039_flow_design_capture	038_cli_auth_requests	orchestration_flows
modules/gateway/alembic/versions/040_team_memberships.py	040_team_memberships	039_flow_design_capture	team_memberships
modules/gateway/alembic/versions/041_directory_provider.py	041_directory_provider	040_team_memberships	inspect-source
modules/gateway/alembic/versions/042_user_identity_primary.py	042_user_identity_primary	041_directory_provider	inspect-source
modules/gateway/alembic/versions/043_person_anchor_namespace_rekey.py	043_person_anchor_rekey	042_user_identity_primary	inspect-source
modules/gateway/alembic/versions/044_model_pricing_v2.py	044_model_pricing_v2	043_person_anchor_rekey	model_pricing_active,model_pricing_generations,model_pricing_rates_v2
modules/gateway/alembic/versions/044_ratelimit_org_entity_type.py	044_ratelimit_org_type	043_person_anchor_rekey	inspect-source
modules/gateway/alembic/versions/045_pricing_seed_2026_09_12_1.py	045_pricing_seed_2026_09_12_1	044_model_pricing_v2	inspect-source
modules/gateway/alembic/versions/046_merge_pricing_ratelimit.py	046_merge_pricing_ratelimit	045_pricing_seed_2026_09_12_1,044_ratelimit_org_type	inspect-source
modules/gateway/alembic/versions/047_claude_pricing_v2.py	047_claude_pricing_v2	046_merge_pricing_ratelimit	model_pricing_rates_v2
modules/gateway/alembic/versions/048_team_integrity_gate.py	048_team_integrity_gate	047_claude_pricing_v2	inspect-source
modules/gateway/alembic/versions/049_bedrock_connection_grants.py	049_bedrock_connection_grants	048_team_integrity_gate	bedrock_connection_grants
modules/gateway/alembic/versions/050_orchestration_work_claims.py	050_orchestration_work_claims	049_bedrock_connection_grants	orchestration_work_claims
modules/gateway/alembic/versions/051_orchestration_pr_bindings.py	051_orch_pr_bindings	050_orchestration_work_claims	orchestration_pr_bindings
modules/gateway/alembic/versions/052_orchestration_executions.py	052_orchestration_executions	051_orch_pr_bindings	orchestration_actions,orchestration_executions
modules/gateway/alembic/versions/053_orchestration_flow_slug_unique.py	053_flow_slug_unique	052_orchestration_executions	inspect-source
modules/gateway/alembic/versions/054_execution_tenant_guards.py	054_execution_tenant_guards	053_flow_slug_unique	inspect-source
modules/gateway/alembic/versions/055_orchestration_environment_leases.py	055_orch_environment_leases	054_execution_tenant_guards	orchestration_environment_leases
modules/gateway/alembic/versions/056_persona_model_prefs.py	056_persona_model_prefs	055_orch_environment_leases	inspect-source
modules/gateway/alembic/versions/057_model_invocability_evidence.py	057_model_invocability_evidence	056_persona_model_prefs	inspect-source
modules/gateway/alembic/versions/058_model_probe_admission.py	058_model_probe_admission	057_model_invocability_evidence	model_probe_cycles,model_probe_slots
modules/gateway/alembic/versions/059_gitlab_identity_provider.py	059_gitlab_identity_provider	058_model_probe_admission	inspect-source
modules/gateway/alembic/versions/060_orchestration_pending_amendments.py	060_orch_pending_amend	059_gitlab_identity_provider	orchestration_amendment_requests,orchestration_pending_amendments
modules/gateway/alembic/versions/061_persona_usage_evidence.py	061_persona_usage_evidence	060_orch_pending_amend	persona_model_retirement_alerts,usage_logs
modules/gateway/alembic/versions/062_persona_usage_indexes.py	062_persona_usage_indexes	061_persona_usage_evidence	inspect-source
modules/gateway/alembic/versions/063_pr_binding_adoption.py	063_pr_binding_adoption	062_persona_usage_indexes	run_id
modules/gateway/alembic/versions/064_orchestration_run_reports.py	064_orchestration_run_reports	063_pr_binding_adoption	orchestration_run_reports
modules/gateway/alembic/versions/065_budget_enforcement_controls.py	065_budget_enforcement_controls	064_orchestration_run_reports	budget_accounting_gaps,budget_enforcement_settings
modules/gateway/alembic/versions/066_credential_evidence_and_delegation.py	066_cred_evidence_delegation	065_budget_enforcement_controls	inspect-source
modules/gateway/alembic/versions/066_vault_operation_fingerprint.py	066_vault_operation_fingerprint	066_cred_evidence_delegation	user_credentials
modules/gateway/alembic/versions/067_flow_execution_pause.py	067_flow_execution_pause	066_cred_evidence_delegation	orchestration_flows
modules/gateway/alembic/versions/067_aws_connection_verification.py	067_aws_connection_verify	066_vault_operation_fingerprint	user_credentials
modules/gateway/alembic/versions/068_merge_cli_flow.py	068_merge_cli_flow	067_aws_connection_verify,067_flow_execution_pause	inspect-source
modules/gateway/alembic/versions/069_aws_verification_binding.py	069_aws_verification_binding	068_merge_cli_flow	user_credentials
modules/gateway/alembic/versions/070_magic_link_delivery_method.py	070_magic_link_delivery_method	069_aws_verification_binding	magic_link_nonces
modules/gateway/alembic/versions/070_opus55_pricing.py	070_opus55_pricing	069_aws_verification_binding	inspect-source
modules/gateway/alembic/versions/071_installation_revocation.py	071_installation_revocation	070_magic_link_delivery_method	installation_revocations
modules/gateway/alembic/versions/072_merge_identity_pricing.py	072_merge_identity_pricing	071_installation_revocation,070_opus55_pricing	inspect-source
modules/gateway/alembic/versions/073_kimi_k3_pricing.py	073_kimi_k3_pricing	072_merge_identity_pricing	inspect-source
modules/gateway/alembic/versions/074_budget_settlement_receipts.py	074_budget_settlement_receipts	073_kimi_k3_pricing	budget_settlement_receipts
modules/gateway/alembic/versions/075_membership_revocation.py	075_membership_revocation	074_budget_settlement_receipts	tenant_memberships
modules/gateway/alembic/versions/076_access_request_receipts.py	076_access_request_receipts	075_membership_revocation	tenant_access_requests
modules/gateway/alembic/versions/077_codex_runtime_posture.py	077_codex_runtime_posture	076_access_request_receipts	inspect-source
modules/gateway/alembic/versions/078_gpt6_sol_luna_pricing.py	078_gpt6_sol_luna_pricing	077_codex_runtime_posture	inspect-source
modules/gateway/alembic/versions/079_budget_pricing_corrections.py	079_budget_pricing_corrections	078_gpt6_sol_luna_pricing	budget_pricing_corrections
modules/gateway/alembic/versions/080_usage_request_index.py	080_usage_request_index	079_budget_pricing_corrections	inspect-source
modules/gateway/alembic/versions/081_persona_platform_defaults.py	081_persona_platform_defaults	080_usage_request_index	persona_platform_defaults
modules/gateway/alembic/versions/082_aws_connection_trust.py	082_aws_connection_trust	081_persona_platform_defaults	user_credentials
modules/gateway/alembic/versions/083_probe_contract_revision.py	083_probe_contract_revision	082_aws_connection_trust	inspect-source
modules/gateway/alembic/versions/084_reservation_receipt_scopes.py	084_reservation_receipt_scopes	083_probe_contract_revision	budget_settlement_receipts
